john_doe, 123456, john.doe@gmail.com
jane_smith, qwerty, jane.smith@gmail.com
mike_johnson, password, mike.johnson@gmail.com
sarah_williams, 12345678, sarah.williams@gmail.com
alex_brown, abc123, alex.brown@gmail.com
lisa_davis, pass123, lisa.davis@gmail.com
tom_wilson, qwerty123, tom.wilson@gmail.com
emma_taylor, 111111, emma.taylor@gmail.com
chris_anderson, password123, chris.anderson@gmail.com
anna_martin, 123123, anna.martin@gmail.com
david_thomas, qwerty123, david.thomas@gmail.com
jessica_white, 1q2w3e4r, jessica.white@gmail.com
kevin_harris, password1, kevin.harris@gmail.com
amanda_clark, q1w2e3r4, amanda.clark@gmail.com
brian_lewis, 123qwe, brian.lewis@gmail.com
nicole_robinson, 987654, nicole.robinson@gmail.com
ryan_walker, passw0rd, ryan.walker@gmail.com
melissa_hall, qazwsx, melissa.hall@gmail.com
jason_allen, 123456789, jason.allen@gmail.com
rebecca_young, football, rebecca.young@gmail.com
eric_king, iloveyou, eric.king@gmail.com
kelly_wright, monkey, kelly.wright@gmail.com
scott_green, 1234567, scott.green@gmail.com
lauren_adams, letmein, lauren.adams@gmail.com
justin_baker, 1234567890, justin.baker@gmail.com
heather_nelson, superman, heather.nelson@gmail.com
benjamin_carter, 1qaz2wsx, benjamin.carter@gmail.com
stephanie_mitchell, qwertyuiop, stephanie.mitchell@gmail.com
aaron_perez, asdfgh, aaron.perez@gmail.com
rachel_roberts, 1234, rachel.roberts@gmail.com
daniel_turner, password123, daniel.turner@gmail.com
olivia_phillips, qwerty123, olivia.phillips@gmail.com
william_campbell, 111111, william.campbell@gmail.com
sophie_parker, abc123, sophie.parker@gmail.com
james_evans, passw0rd, james.evans@gmail.com
chloe_edwards, 12345678, chloe.edwards@gmail.com
robert_collins, qwerty1, robert.collins@gmail.com
grace_stewart, 123123, grace.stewart@gmail.com
joseph_sanchez, 1q2w3e, joseph.sanchez@gmail.com
victoria_morris, password1, victoria.morris@gmail.com
christopher_rogers, q1w2e3, christopher.rogers@gmail.com
zoe_reed, 123qwe, zoe.reed@gmail.com
andrew_cook, 987654, andrew.cook@gmail.com
hannah_morgan, abc123456, hannah.morgan@gmail.com
nathan_bell, password123, nathan.bell@gmail.com
natalie_murphy, qwerty12, natalie.murphy@gmail.com
dylan_bailey, 123456a, dylan.bailey@gmail.com
eleanor_rivera, pass1234, eleanor.rivera@gmail.com
luke_cooper, qaz123, luke.cooper@gmail.com
samantha_richardson, 123abc, samantha.richardson@gmail.com
gabriel_cox, 1qazxsw2, gabriel.cox@gmail.com
megan_howard, password12, megan.howard@gmail.com
isaac_ward, qwerty12, isaac.ward@gmail.com
amber_torres, 123456789a, amber.torres@gmail.com
owen_peterson, abcdef, owen.peterson@gmail.com
ruth_gray, 123456789, ruth.gray@gmail.com
caleb_ramirez, qwerty123, caleb.ramirez@gmail.com
julia_james, password123, julia.james@gmail.com
henry_watson, 11111111, henry.watson@gmail.com
katherine_brooks, 1234567, katherine.brooks@gmail.com
liam_kelly, letmein123, liam.kelly@gmail.com
madison_sanders, qwertyuiop, madison.sanders@gmail.com
jack_price, 1q2w3e4r, jack.price@gmail.com
layla_bennett, asdfghjkl, layla.bennett@gmail.com
sebastian_wood, 1234qwer, sebastian.wood@gmail.com
avery_barnes, pass1234, avery.barnes@gmail.com
owen_ross, 12345678, owen.ross@gmail.com
sofia_henderson, qwerty1, sofia.henderson@gmail.com
connor_coleman, password1, connor.coleman@gmail.com
mila_jenkins, abc12345, mila.jenkins@gmail.com
chase_perry, 1234567890, chase.perry@gmail.com
aria_powell, 123qwe456, aria.powell@gmail.com
carter_long, 1qaz2wsx3edc, carter.long@gmail.com
ella_foster, password1234, ella.foster@gmail.com
gavin_sanders, q1w2e3r4, gavin.sanders@gmail.com
piper_ross, 123123123, piper.ross@gmail.com
bentley_morales, 12345, bentley.morales@gmail.com
addison_gonzales, qwerty12345, addison.gonzales@gmail.com
julian_bryant, abc123456, julian.bryant@gmail.com
naomi_alexander, 111111111, naomi.alexander@gmail.com
miles_russell, password123, miles.russell@gmail.com
luna_griffin, 123456789, luna.griffin@gmail.com
ryder_diaz, qazwsx123, ryder.diaz@gmail.com
stella_hayes, 1qazxsw23, stella.hayes@gmail.com
maxwell_myers, qwerty1234, maxwell.myers@gmail.com
leah_ford, 123abc456, leah.ford@gmail.com
cole_hamilton, password12, cole.hamilton@gmail.com
violet_graham, 123456a, violet.graham@gmail.com
damian_sullivan, qwerty123, damian.sullivan@gmail.com
scarlett_wallace, abc123, scarlett.wallace@gmail.com
blake_woods, 12345678, blake.woods@gmail.com
aubrey_cole, pass12345, aubrey.cole@gmail.com
brayden_west, qwerty12, brayden.west@gmail.com
penelope_jordan, 123456789, penelope.jordan@gmail.com
ezra_owens, password1234, ezra.owens@gmail.com
lillian_reynolds, 1q2w3e4r5t, lillian.reynolds@gmail.com
ian_fisher, qazwsx123, ian.fisher@gmail.com
addison_ellis, abc123456, addison.ellis@gmail.com
cameron_harrison, 12345678, cameron.harrison@gmail.com
bella_gibson, password123, bella.gibson@gmail.com
jeremiah_mcdonald, qwerty123, jeremiah.mcdonald@gmail.com
lucy_cruz, 123123, lucy.cruz@gmail.com
hunter_marshall, abc123, hunter.marshall@gmail.com
maya_ortiz, 1234567890, maya.ortiz@gmail.com
elijah_gomez, qwerty1, elijah.gomez@gmail.com
skylar_murray, password1, skylar.murray@gmail.com
carson_freeman, 1q2w3e4r, carson.freeman@gmail.com
paisley_wells, asdfgh, paisley.wells@gmail.com
xavier_webb, 1234567, xavier.webb@gmail.com
mackenzie_simpson, qwerty12, mackenzie.simpson@gmail.com
tristan_stevens, 123456789a, tristan.stevens@gmail.com
eva_tucker, password123, eva.tucker@gmail.com
leo_hunter, abc12345, leo.hunter@gmail.com
annabelle_hicks, q1w2e3r4, annabelle.hicks@gmail.com
jude_crawford, 123qwe, jude.crawford@gmail.com
clara_black, 987654, clara.black@gmail.com
asher_clements, password12, asher.clements@gmail.com
sadie_moss, 123456, sadie.moss@gmail.com
kaiden_richards, qwertyuiop, kaiden.richards@gmail.com
layla_chan, 111111, layla.chan@gmail.com
jace_campbell, letmein123, jace.campbell@gmail.com
aaliyah_khan, 12345678, aaliyah.khan@gmail.com
landon_stone, qaz123, landon.stone@gmail.com
hailey_lawson, abcdef, hailey.lawson@gmail.com
maddox_bowen, 123456789, maddox.bowen@gmail.com
nora_howe, password123, nora.howe@gmail.com
gabriel_malone, qwerty123, gabriel.malone@gmail.com
lila_lyons, 1234qwer, lila.lyons@gmail.com
austin_may, asdf1234, austin.may@gmail.com
eliza_klein, 1qaz2wsx, eliza.klein@gmail.com
adrian_jacobs, password1234, adrian.jacobs@gmail.com
jasmine_wood, q1w2e3r4, jasmine.wood@gmail.com
roman_hughes, abc123456, roman.hughes@gmail.com
maria_knight, 12345678, maria.knight@gmail.com
cole_bishop, qwerty123, cole.bishop@gmail.com
julianna_grant, 123123, julianna.grant@gmail.com
dante_lin, password12, dante.lin@gmail.com
gemma_fleming, qazwsx, gemma.fleming@gmail.com
dallas_walters, 123456789, dallas.walters@gmail.com
isla_owen, abc12345, isla.owen@gmail.com
travis_pearson, qwerty12, travis.pearson@gmail.com
fiona_ray, 1q2w3e, fiona.ray@gmail.com
ivy_cannon, password1234, ivy.cannon@gmail.com
joel_vy, qwerty12345, joel.vy@gmail.com
tessa_nguyen, 123456, tessa.nguyen@gmail.com
ian_zhang, abc123, ian.zhang@gmail.com
paige_li, 11111111, paige.li@gmail.com
oscar_singh, qwerty1, oscar.singh@gmail.com
laila_kumar, password1, laila.kumar@gmail.com
marcus_patel, 1234567, marcus.patel@gmail.com
jocelyn_sharma, qaz123, jocelyn.sharma@gmail.com
armando_chen, 12345678, armando.chen@gmail.com
giselle_gupta, letmein, giselle.gupta@gmail.com
raul_reddy, 1qazxsw2, raul.reddy@gmail.com
bianca_mehta, qwerty123, bianca.mehta@gmail.com
fernando_desai, abc123456, fernando.desai@gmail.com
celeste_iyer, 123456789, celeste.iyer@gmail.com
rui_wang, password123, rui.wang@gmail.com
zhen_liu, qwerty12, zhen.liu@gmail.com
mei_chen, 123456, mei.chen@gmail.com
wei_huang, abc123, wei.huang@gmail.com
jing_lin, qwertyuiop, jing.lin@gmail.com
lei_zhang, 111111, lei.zhang@gmail.com
fang_wu, password12, fang.wu@gmail.com
gang_xie, qazwsx, gang.xie@gmail.com
yan_zhou, 12345678, yan.zhou@gmail.com
xiaohong_sun, letmein123, xiaohong.sun@gmail.com
weimin_li, 1q2w3e4r, weimin.li@gmail.com
xiuying_liang, asdfgh, xiuying.liang@gmail.com
jianhua_yang, 123qwe, jianhua.yang@gmail.com
xiaoyan_zheng, 987654, xiaoyan.zheng@gmail.com
guanghui_xu, password123, guanghui.xu@gmail.com
qing_ma, qwerty123, qing.ma@gmail.com
xiaofeng_hu, abc123456, xiaofeng.hu@gmail.com
xiaoli_guo, 12345678, xiaoli.guo@gmail.com
yong_liu, qwerty12, yong.liu@gmail.com
wei_lin, 123456789, wei.lin@gmail.com
jun_wang, password12, jun.wang@gmail.com
tao_zhang, qaz123, tao.zhang@gmail.com
jie_chen, abcdef, jie.chen@gmail.com
peng_li, 1234567890, peng.li@gmail.com
yan_huang, q1w2e3r4, yan.huang@gmail.com
wei_cao, password1234, wei.cao@gmail.com
gang_zhao, 123abc, gang.zhao@gmail.com
fang_song, qwerty1234, fang.song@gmail.com
jing_deng, 1qaz2wsx3edc, jing.deng@gmail.com